id,content,comments,keywords,tendency,views,date,primary_category,secondary_category
978572,"최근 프랜차이즈 카페에서 아르바이트 구하기가 어렵습니다. 여러 곳에 지원했으나 면접 후 연락이 오지 않거나, 이력서만 보고 연락이 없는 경우가 많습니다. 거리와 나이 등의 이유로 지원이 거절되기도 합니다. 단순한 아르바이트 구하기가 점점 어려워지고 있습니다.",없음,아르바이트 구직; 프랜차이즈 카페; 면접,경험성,15,2025-02-02 00:23,취업 및 채용 관련,면접 및 지원 과정
978571,"해보고 싶은 아르바이트에 지원했으나, 연락을 받지 못하고 새로운 공고가 올라왔습니다. 이런 상황에서 다시 지원해야 하는지, 포기해야 하는지 고민됩니다.",연락이 없는 이유를 알 수 없어 답답합니다.,아르바이트 지원; 연락 대기; 지원 고민,질문성,23,2025-02-02 00:18,취업 및 채용 관련,면접 및 지원 과정
978570,"애슐리퀸즈에서 12시부터 6시까지 세척 아르바이트를 혼자 해야 한다고 합니다. 혼자서 가능한 일인지 고민됩니다. 매장은 바쁘지 않다고 하지만, 경험이 없어 조언이 필요합니다.",없음,세척 아르바이트; 애슐리퀸즈; 일의 적합성,질문성,25,2025-02-02 00:07,업종별 아르바이트,노동 및 고용 관련 이슈
978569,"두 달간 아르바이트를 그만두어야 할 상황입니다. 여러 가지 이유로 인해 그만두는 것이 민폐인지 고민하고 있습니다. 동료와의 불화, 긴 출퇴근 시간, 불안 등 여러 요인으로 인해 스트레스를 받고 있습니다.",없음,아르바이트 종료; 직장 스트레스; 출퇴근 문제,질문성,25,2025-02-02 00:06,노동 및 고용 관련 이슈,직장 내 문화 및 관계
978568,"백화점 직원으로 일하는데, 계약서에 고용 형태, 근로 기간, 퇴직금이 명시되지 않았습니다. 출퇴근 기록 시스템도 없고, 백화점 직원 출입증도 발급받지 못하는 상황입니다. 이런 조건에서 계속 일해야 할지 고민됩니다.",없음,고용 조건; 백화점 직원; 계약 문제,질문성,36,2025-02-02 00:00,고용 형태 및 계약,노동 및 고용 관련 이슈
978567,쿠팡에서 계약직 퇴사 후 다른 센터에서 단기 근무가 가능한지 궁금합니다. 퇴사한 지 한 달도 되지 않은 상황입니다.,3개월 후에 지원 가능합니다.,쿠팡; 계약직; 단기 근무,질문성,24,2025-02-01 23:59,고용 형태 및 계약,노동 및 고용 관련 이슈
978565,"모델하우스 텔레마케팅 아르바이트를 하게 되었는데, 꿀팁이나 조언을 구하고 싶습니다. 또한, 텔레마케팅이 사기라는 의견도 있어 걱정됩니다.",없음,모델하우스; 텔레마케팅; 아르바이트 조언,질문성,20,2025-02-01 23:52,업종별 아르바이트,노동 및 고용 관련 이슈
978564,"개인 카페에서 7개월 일하다가 동료와의 갈등으로 그만두었습니다. 평소에는 좋은 분이지만, 감정 기복이 심하여 갈등이 생겼습니다. 사장님은 좋은 분이셨지만, 동료와의 문제로 인해 퇴사하게 되었습니다.",없음,카페 아르바이트; 동료 갈등; 퇴사 결정,경험성,78,2025-02-01 23:42,노동 및 고용 관련 이슈,직장 내 문화 및 관계
978562,"ㅅㅅㄱ 계열 와인 판매 샵에서 아르바이트를 고민 중입니다. 시급이 높아 매력적이지만, 일에 대한 확신이 서지 않아 고민됩니다.",없음,와인 판매; 아르바이트; 시급,질문성,15,2025-02-01 23:32,업종별 아르바이트,급여 및 보상 관련
978561,"배달 전문 카페에서 같은 알바생이 잔소리가 심하여 스트레스를 받고 있습니다. 집과 가까운 거리의 좋은 자리이지만, 주말 알바생의 간섭이 심하여 고민 중입니다.",다른 카페에서도 비슷한 경험을 했습니다.; 작은 일로 스트레스 받는 상황이 이해됩니다.; 사장보다 더한 알바생의 간섭이 문제입니다.,배달 카페; 알바 갈등; 스트레스,경험성,95,2025-02-01 23:25,노동 및 고용 관련 이슈,직장 내 문화 및 관계
978560,"물류직은 회사 내에서 가장 낮은 직군으로 간주됩니다. 경기가 좋지 않을 때, 본사는 악성 재고를 처리하려고 하며, 이는 창고에서 문제를 발생시킵니다. 물류직은 분기별로 인원이 교체되기 때문에 재고의 경로를 알기 어렵고, 책임은 물류 직원에게 돌아갑니다. 물류직은 체력과 정신적 부담이 크고, 월급은 낮습니다. 공휴일에도 출근해야 하며, 임금과 대우는 최하입니다. 다른 일을 찾는 것이 좋습니다.","물류직은 하청일수록 대우가 좋지 않으며, 책임과 부담이 큽니다.; 물류 관리직은 책임 수당이 있으며, 일정 경력이 쌓여야 합니다.",물류직; 악성 재고; 책임 부담,경험성,144,2025-02-01 23:19,노동 및 고용 관련 이슈,고용 형태 및 계약
978559,폭언과 기분 나쁜 행동도 폭력입니다. 그런 환경에서는 참지 말고 맞서세요. 자신을 보호하는 것이 중요합니다.,잘하셨습니다. 그런 환경에서는 병이 생길 수 있습니다. 고생 많으셨습니다.,폭력; 대응; 자기 보호,경험성,164,2025-02-01 23:13,직장 내 문화 및 관계,사회적 이슈 및 인식
978558,"아픈 직원에게 지나치게 냉정한 상사의 태도에 대한 비판입니다. 건강 문제로 인한 결근은 불가피한 상황인데, 상사는 이를 이해하지 못하고 비난합니다. 직장 내에서의 건강 관리와 상사의 이해 부족에 대해 논의합니다.",사회생활은 원래 냉정합니다.; 많은 직장에서 아픈 직원에게 비판적입니다. 이런 환경에서 일하기 어렵습니다.; 건강 문제를 이해하지 못하는 직장에서는 퇴사하는 것이 좋습니다.; 결근이 잦으면 팀 입장에서는 불만이 생길 수 있습니다.; 상사의 의견에 동의합니다. 결근은 동료들에게 부담을 줄 수 있습니다.,직장 건강 관리; 상사; 결근,질문성,136,2025-02-01 23:08,근무 환경 및 조건,직장 내 문화 및 관계
978557,교과서 피킹 물류에 대해 궁금해합니다. 경험자에게 조언을 구합니다.,무거울 것 같습니다.,교과서 피킹; 물류,질문성,75,2025-02-01 22:56,업종별 아르바이트,물류
978554,같은 장소에서 부스 판매 알바의 시급 차이에 대한 불만입니다. 시급이 더 높은 곳으로 옮길지 고민합니다.,웃음을 유발하는 댓글입니다.,부스 판매; 시급 차이,질문성,253,2025-02-01 22:03,근무 환경 및 조건,급여 및 보상 관련
978551,자동차 보험 고객센터의 업무에 대해 궁금합니다. 경험자에게 조언을 구합니다. 보험업에 대한 우려도 있습니다.,없음,자동차 보험; 고객센터; 보험업,질문성,62,2025-02-01 21:43,사회적 이슈 및 인식,보험업
978549,"생산직에서도 어려운 일이 많습니다. 품질 검사와 조립은 위험하고, 포장과 라벨 부착은 쉬운 일로 인식됩니다.",스티커와 라벨 부착도 빠르고 정확하게 하려면 고급 기술이 필요합니다.; 세상에 쉬운 일은 없습니다.; 스티커 작업도 정확성이 필요합니다.,생산직; 품질 검사; 라벨 부착,경험성,736,2025-02-01 21:01,노동 및 고용 관련 이슈,근무 환경 및 조건
978547,백수 생활의 어려움과 구직의 어려움을 토로합니다. 부모님께 의지하며 사는 것에 대한 부담감을 느낍니다.,부모님의 도움을 받는 것이 부끄러운 일이 아닙니다.; 일자리는 언젠가 생길 것입니다. 희망을 잃지 마세요.; 다른 일을 찾아보세요.,백수 생활; 구직; 부모님,경험성,445,2025-02-01 20:54,취업 및 채용 관련,사회적 이슈 및 인식
978544,공장 단순 업무에서 해고되는 경우에 대해 의문을 제기합니다. 중증 장애인도 일을 잘하는데 해고되는 이유가 궁금합니다.,일을 잘 못하거나 무단결근하면 해고될 수 있습니다.; 중소기업에서는 일이 없으면 해고될 수 있습니다.,공장 일; 해고; 단순 업무,질문성,548,2025-02-01 20:35,노동 및 고용 관련 이슈,고용 형태 및 계약
978543,23살에 알바 구하는 것이 나이가 많다는 이유로 거절당했습니다. 20대 중반의 알바가 이상한 것인지 질문합니다.,23살은 알바 구하기에 어린 나이입니다.; 알바를 구하는 데 나이가 문제될 이유가 없습니다.,알바; 나이; 취업,질문성,545,2025-02-01 20:32,노동 및 고용 관련 이슈,취업 및 채용 관련
978540,"이미 아르바이트 인원을 다 구해놓고도 이력서를 읽고, 공고를 내리지 않는 것이 이해가 되지 않습니다.",이력서를 쓰기 싫어서 그런 것 아니냐고 생각합니다.,아르바이트; 이력서; 공고,질문성,107,2025-02-01 20:22,취업 및 채용 관련,고용 형태 및 계약
978539,"롯데호텔에서 아르바이트비가 3주 넘게 지급되지 않아 문의를 했지만, 담당자가 무례하게 응대했습니다.",노동청이나 법률공단에 신고하라는 조언이 있습니다.; 특정 알바 업종은 문제가 많다는 의견이 있습니다.; 이런 일을 겪을 줄 몰랐다는 경험담이 있습니다.,아르바이트비; 롯데호텔; 노동청,경험성,114,2025-02-01 20:16,노동 및 고용 관련 이슈,급여 및 보상 관련
978538,"피시방에서 아르바이트를 시작한 지 얼마 되지 않았는데, 혼자 근무해야 할 상황이 걱정됩니다.",신입에게 혼자 매장을 맡기는 것은 무리라는 의견이 있습니다.; 일부는 하루 이틀 교육 후 혼자 일했다는 경험담이 있습니다.,피시방 아르바이트; 혼자 근무; 신입 교육,질문성,196,2025-02-01 20:16,업종별 아르바이트,노동 및 고용 관련 이슈
978537,수원 스타필드 매장에서 비효율적인 교육과 모욕적인 태도로 인해 불만이 쌓였습니다.,없음,수원 스타필드; 매장 교육; 고객 응대,경험성,120,2025-02-01 20:15,업종별 아르바이트,직장 내 문화 및 관계
978536,팝업스토어 아르바이트 면접에서 이상한 질문을 받아 사이비 종교가 의심됩니다.,사이비 종교가 팝업스토어를 가장해 포섭한다는 소문이 있습니다.,팝업스토어; 아르바이트 면접; 사이비 종교,질문성,138,2025-02-01 20:14,취업 및 채용 관련,노동 및 고용 관련 이슈
978534,특정 장소에서 여성이 가능한 일이 무엇인지 궁금합니다.,없음,여성 근무; 직무,질문성,175,2025-02-01 20:10,사회적 이슈 및 인식,고용 형태 및 계약
978533,3.3% 세금과 고용보험 기록이 나중에 남는지에 대해 궁금합니다.,"4대 보험과 고용보험은 다르며, 3.3%는 사업소득 신고라는 설명이 있습니다.; 고용기록은 정규직과 고용보험 가입 시에만 등록된다는 설명이 있습니다.",3.3% 세금; 고용보험; 세금 기록,질문성,269,2025-02-01 19:59,급여 및 보상 관련,고용 형태 및 계약
978532,쿠팡에서 주휴수당을 받기 위해 다른 캠프에 출근하는 것이 가능한지 궁금합니다.,그냥 센터로 가라는 의견이 있습니다.; 서울센터로 가라는 의견도 있습니다.,쿠팡; 주휴수당; 캠프 출근,질문성,124,2025-02-01 19:54,급여 및 보상 관련,노동 및 고용 관련 이슈
978531,아이폰 서비스센터에서 일한 경험이 있는지 궁금합니다.,없음,아이폰 서비스센터; 근무 경험,질문성,53,2025-02-01 19:41,노동 및 고용 관련 이슈,근무 환경 및 조건
978530,"풍세이랜드 리치지게차 업무가 어떤 것인지, 초보자가 할 만한 일인지 궁금합니다.",없음,풍세이랜드; 리치지게차; 초보자 업무,질문성,33,2025-02-01 19:36,업종별 아르바이트,취업 및 채용 관련
978528,"2월에는 아르바이트 구인 글이 적은 편이며, 3월에도 대학생들이 많이 지원하여 구인 글이 크게 늘어나지 않을 것으로 보입니다. 4월쯤 되어야 새로운 자리가 생길 수 있습니다.",3월에도 구인 상황이 크게 달라지지 않을 것입니다.; 4월쯤에 구인 자리가 생길 수 있습니다.,아르바이트; 구인 글; 대학생,질문성,448,2025-02-01 19:28,업종별 아르바이트,취업 및 채용 관련
978526,99년생 고졸 무스펙 사용자가 같은 내용을 반복적으로 게시하고 있습니다. 글을 바로 삭제하는 모습을 보입니다.,주목을 끌기 위한 글입니다.; 관심을 받으려고 반복해서 글을 올리는 것 같습니다.,99년생; 무스펙; 반복 게시,경험성,327,2025-02-01 19:12,취업 및 채용 관련,고용 형태 및 계약
978524,"시급 12,000원에 주휴수당과 야간수당이 포함되지 않은 알바 제안을 받았습니다. 주말에 18시간 근무 예정인데, 피시방에서 근무하는 조건입니다.",세금은 내야 합니다.; 주휴수당 포함 시 시급 계산이 필요합니다.; 음식 조리와 매장 관리 등 업무가 포함되면 시급이 더 높아야 합니다.,시급; 주휴수당; 피시방,질문성,296,2025-02-01 18:57,급여 및 보상 관련,업종별 아르바이트
978522,"일급 알바를 하려 했으나, 자가용이 없으면 일하기 어렵고 밥을 제공하지 않는 곳이 많아 고민 중입니다. 노가다가 더 나을 것 같다는 결론에 도달했습니다.","자가용은 필수이며, 밥을 제공하지 않는 곳은 피해야 합니다.; 차가 있으면 출퇴근이 편리하지만, 밥을 제공하지 않는 곳은 피해야 합니다.; 금액이 비슷하면 밥을 주는 곳을 선택하는 것이 좋습니다.",일급 알바; 자가용; 식사 제공,경험성,406,2025-02-01 18:40,업종별 아르바이트,근무 환경 및 조건
978520,곤쿠 계약직에서 일주일 일하고 사직서를 낼 예정입니다. 관리자와 일 환경이 불편해서 추천하지 않습니다.,곤쿠 계약직 출고는 개인마다 다르게 느낍니다.; 관리자가 이상하다는 의견이 있습니다.; 개인 일기를 작성하는 게 좋겠다는 의견도 있습니다.,곤쿠; 계약직; 관리자,경험성,227,2025-02-01 18:22,고용 형태 및 계약,취업 및 채용 관련
978518,"영화관 알바의 난이도가 궁금합니다. 영화관 알바를 해보고 싶은데, 업무 난이도에 대해 알고 싶습니다.","영화관 업무는 무인화로 인해 낮은 편입니다.; 플래그쉽 매장이 아니면 실망할 수 있습니다.; 영화관 업무는 힘든 편이며, 스케줄제도 단점입니다.",영화관 알바; 업무 난이도; 스케줄제,질문성,314,2025-02-01 17:54,업종별 아르바이트,근무 환경 및 조건
978516,"파바 주말 오픈 알바를 하고 있으며, 알바비 지급일이 궁금합니다. 알바를 그만두기 전 마지막 날에 받을 수 있는지 문의합니다.",사장님께 직접 문의하는 것이 가장 빠릅니다.; 월요일에 지급될 가능성이 있습니다.; 일반적으로 전월 근무는 다음 달 1일에 지급됩니다.,알바비; 지급일; 파바,질문성,181,2025-02-01 17:38,급여 및 보상 관련,근무 환경 및 조건
978512,제빵업계에 종사하면서 초보자로서 어려움을 겪고 있습니다. 선임에게 덜 혼날 수 있는 방법과 기술을 배우고 싶습니다.,자격증을 취득하고 기초를 배우는 것이 좋습니다.; 현재 맡은 일은 막내 역할이므로 시간이 필요합니다.; 무례한 댓글은 피해야 합니다.,제빵업계; 초보자; 자격증,질문성,171,2025-02-01 17:11,취업 및 채용 관련,직업 및 경력 관리
978509,구슬끼우기와 같은 수작업 재택 알바 경험이 있는지 궁금합니다. 대부분 사기라는 의견이 많습니다.,대부분 사기입니다.; 수익이 거의 없으므로 비추천합니다.; 인터넷에서 검색해보면 사기임을 알 수 있습니다.,재택 알바; 수작업; 사기,질문성,215,2025-02-01 16:55,노동 및 고용 관련 이슈,고용 형태 및 계약
978507,갤러리아 주차 관리 아르바이트 구인 공고가 없어졌습니다. 1년 사이에 다시 검색해도 나오지 않습니다.,해당 질문을 여기서 하는 이유를 모르겠습니다.,갤러리아; 주차 관리; 구인 공고,질문성,72,2025-02-01 16:54,취업 및 채용 관련,고용 형태 및 계약
978505,"식당, 카페, 편의점 아르바이트 구하기가 쉬운가요?",사람인 웹사이트에서 구직하세요.; 경마장에서 주말 아르바이트가 좋습니다. 쓰레기를 줍는 일이 주로 있습니다.; 쿠팡이나 펑소에서 미화 업무는 사람을 상대하지 않습니다. 지원해보세요.,아르바이트; 구직; 경제적 어려움,질문성,421,2025-02-01 16:18,노동 및 고용 관련 이슈,취업 및 채용 관련
978502,베라 아르바이트 vs 버거킹 아르바이트,베라가 더 힘듭니다. 아이스크림을 여러 번 옮기고 정리해야 합니다.; 버거킹에서는 기름 교체가 힘들지만 혼자 하지 않으므로 할 만합니다.,베라 아르바이트; 버거킹 아르바이트; 업무 난이도,질문성,263,2025-02-01 16:03,업종별 아르바이트,근무 환경 및 조건
978501,유레카 부동산 세일즈 제의,고객 응대 후 팀장에게 전달하는 업무라고 합니다.,부동산 세일즈; 고객 응대; 업무 내용,질문성,1,2025-02-01 15:56,노동 및 고용 관련 이슈,고용 형태 및 계약
978500,성남 조 ㅇl푸드 생산직,"휴식 시간이 지켜지지 않고 업무 강도가 높습니다.; 공고가 자주 나오는 곳이며, 환경이 좋지 않다는 의견이 많습니다.",성남 조 ㅇl푸드; 생산직; 업무 환경,질문성,119,2025-02-01 15:48,근무 환경 및 조건,노동 및 고용 관련 이슈
978497,음성 수액 공장 후기,시골이 더 무섭다는 의견이 있습니다.,수액 공장; 근무 환경; 직원 태도,경험성,250,2025-02-01 15:20,근무 환경 및 조건,직장 내 문화 및 관계
978496,카페 아르바이트 구하기 어려움,최저 시급이 높아져 사장님의 기준도 높아졌습니다.; 나이 든 사람은 젊은 사람보다 적응이 느리다고 합니다.,카페 아르바이트; 나이; 면접,경험성,571,2025-02-01 15:16,취업 및 채용 관련,업종별 아르바이트
978495,손해보험 인바운드 TM 업무,전화 응대만 잘하면 된다고 합니다.,손해보험; 인바운드 TM; 근무 조건,질문성,95,2025-02-01 15:14,근무 환경 및 조건,고용 형태 및 계약
978493,오ㅅ ㅎ스케ㅇ 근무 환경,"후기들이 좋지 않으며, 후기를 통해 근무 환경이 좋지 않다는 것을 알게 되었습니다.",오ㅅ ㅎ스케ㅇ; 근무 환경; 직원 관리,경험성,327,2025-02-01 14:42,근무 환경 및 조건,직장 내 문화 및 관계
978491,이디야 2층 대형 카페 근무,"사장님의 결정에 따라 다르며, 매출에 따라 근무 인원이 결정됩니다.",이디야; 2층 대형 카페; 근무 인원,질문성,339,2025-02-01 13:16,업종별 아르바이트,근무 환경 및 조건
978489,판교 도서관 ㄹㅂㄸ 근무 후기,없음,판교 도서관; 근무 후기; 급여 문제,경험성,264,2025-02-01 12:58,급여 및 보상 관련,근무 환경 및 조건
978488,"편의점 아르바이트 월급 계산 관련 문의입니다. 주 5일, 월급제로 일할 경우 최저시급 기준으로 얼마가 될까요? 초보인데 잘할 수 있을지 모르겠네요.",최저시급은 인터넷에서 확인 가능합니다.; 편의점 시급은 보통 8천원에서 9천원 사이입니다.; 시급은 계약에 따라 달라질 수 있습니다.,편의점 아르바이트; 최저시급; 월급 계산,질문성,369,2025-02-01 12:44,노동 및 고용 관련 이슈,급여 및 보상 관련
978485,"신규 오픈한 커피 프랜차이즈 매장의 분위기가 궁금합니다. 지원을 고려하고 있는데, 일반적으로 어떤 분위기인가요?",신규 오픈 매장은 보통 정신없는 경우가 많습니다.; 체계적인 경우 분위기가 좋을 수 있습니다.; 매장 분위기는 사장님과 점장에 따라 다릅니다.,신규 오픈; 커피 프랜차이즈; 매장 분위기,질문성,320,2025-02-01 12:29,업종별 아르바이트,취업 및 채용 관련
978484,"쿠팡 집품 아르바이트는 육체적으로 매우 힘든 일입니다. 좁은 공간에서 여러 사람이 일을 하며, 스트레스를 받는 경우가 많습니다.",없음,쿠팡; 집품 아르바이트; 중노동,경험성,1,2025-02-01 12:27,노동 및 고용 관련 이슈,업종별 아르바이트
978483,첫 아르바이트 급여를 어디에 사용하셨나요?,가족 외식; 화장품 구매; 비트코인 매수,첫 아르바이트; 급여 사용; 외식,질문성,353,2025-02-01 12:25,노동 및 고용 관련 이슈,급여 및 보상 관련
978481,요즘 아르바이트 자리가 잘 안 구해지나요? 저만 그런가요?,동의합니다.,아르바이트 자리; 취업난; 구직,질문성,1,2025-02-01 12:03,취업 및 채용 관련,노동 및 고용 관련 이슈
978480,"오늘 아르바이트 면접을 보러 가는데, 12시부터 3시 사이에 방문하라고 했습니다. 1시쯤 가겠다고 미리 연락드리는 게 좋을까요?",음식점의 경우 3시에 가는 것이 좋습니다.,아르바이트 면접; 방문 시간; 사전 연락,질문성,372,2025-02-01 11:43,면접 및 지원 과정,노동 및 고용 관련 이슈
978479,오산 지역의 아웃소싱 업체들에 대한 불만입니다. 기숙사 허위 광고와 계약 조건 불이행 등이 문제입니다.,아웃소싱 업체 대부분이 신뢰성이 낮습니다.; 오산 지역 아웃소싱에 대한 불신이 많습니다.,오산; 아웃소싱; 허위 광고,경험성,251,2025-02-01 11:38,노동 및 고용 관련 이슈,고용 형태 및 계약
978478,공부를 위해 SPA 의류매장과 야간 편의점 중 어느 곳에서 일할지 고민 중입니다. 여러분이라면 어디를 선택하시겠습니까?,편의점 야간 근무는 건강에 좋지 않을 수 있습니다.; SPA 매장은 스터디 스케줄 조정이 어려울 수 있습니다.; 편의점은 안전 여부를 고려해야 합니다.,SPA 의류매장; 야간 편의점; 아르바이트 선택,질문성,309,2025-02-01 11:21,업종별 아르바이트,노동 및 고용 관련 이슈
978477,"쿠팡 야간 아르바이트 확정을 취소할지 고민 중입니다. 컨디션이 좋지 않은데, 취소가 늦었을까요?",사정 설명 후 취소하면 다음 신청 시 후순위로 밀릴 수 있습니다.; 무단결근보다는 사전에 취소하는 것이 좋습니다.; 확정 받기 어렵기 때문에 신중히 결정하세요.,쿠팡 야간 아르바이트; 취소 고민; 무단결근,질문성,546,2025-02-01 11:00,노동 및 고용 관련 이슈,근무 환경 및 조건
978476,아르바이트 합격 후 더 좋은 조건의 아르바이트 면접을 기다리고 있습니다. 어떻게 해야 할까요?,더 좋은 조건이라면 한 군데를 선택해야 합니다.; 면접 일정을 조정해보세요.,아르바이트 합격; 조건 비교; 면접 일정,질문성,258,2025-02-01 10:57,취업 및 채용 관련,면접 및 지원 과정
978475,"젊은 사회초년생으로서 다양한 물류 경험을 쌓고 있습니다. 부모님의 반대에도 불구하고 몸을 쓰는 일을 꾸준히 해왔으며, 최근에는 컬리 파트타임 야간 근무를 시작하게 되었습니다. 주변의 걱정에도 불구하고 다양한 경험을 통해 성장하고 있습니다. 퇴근 후 피로를 느끼지만, 장기적으로는 돈을 모으기 위해 꾸준히 일하고 있습니다. 현장에서의 텃세나 어려움을 극복해왔고, 새로운 도전에 대한 긴장감도 느끼고 있습니다. 이러한 경험이 저에게 큰 도움이 될 것이라 믿습니다.","물류 경력자는 많지만, 전문성을 갖춘 경력자는 드뭅니다. 경력을 잘 쌓으세요.; 물류 업계에서 장기 경력을 쌓아도 이력서에 쓸 내용이 부족할 수 있습니다.",물류 경력; 사회초년생; 컬리 파트타임,경험성,276,2025-02-01 10:17,업종별 아르바이트,취업 및 채용 관련
978474,"주차 알바는 피하는 것이 좋습니다. 자동차 매연으로 인한 건강 문제가 심각하게 나타나며, 미세먼지와 속쓰림 등의 증상이 지속됩니다. 이러한 이유로 주차장에 가기조차 어려운 상황입니다.",주차 알바는 고가 차량 문제로 위험성이 큽니다.; 건강 문제로 주차 알바를 피하는 것이 좋습니다.; 주차 알바는 힘들지만 일부 사람들은 잘 해내고 있습니다.,주차 알바; 건강 문제; 매연,경험성,1022,2025-02-01 09:47,노동 및 고용 관련 이슈,근무 환경 및 조건
978473,"공고가 삭제되는 이유가 궁금합니다. 지원한 다음 날 공고가 삭제되었는데, 이러한 경우가 드문 일인지 알고 싶습니다.",이미 사람을 뽑았거나 채용을 취소한 경우일 수 있습니다.; 채용이 완료되어 공고를 삭제한 것일 수 있습니다.,채용 공고; 공고 삭제; 채용 과정,질문성,270,2025-02-01 09:44,취업 및 채용 관련,면접 및 지원 과정
978471,"오산 지역 홈쇼핑 공고에 불만이 있습니다. 냉장 작업을 상온으로 속이고, 근무 환경이 매우 열악합니다. 이러한 상황에 대한 불만을 제기하고 싶습니다.",없음,홈쇼핑 근무; 근무 환경; 오산 지역,경험성,293,2025-02-01 08:24,근무 환경 및 조건,노동 및 고용 관련 이슈
978470,"배민 커넥트 지원센터에서의 근무 경험을 공유해주실 분을 찾습니다. 콜, 채팅 상담 업무의 강도와 계약 만료 시 실업급여 수급 가능 여부가 궁금합니다.",2개월 동안 버틸 수 있으면 해보세요. 쉽지 않다는 의견도 있습니다.; 면접 경험만 있으신가요?,배민 커넥트; 콜 상담; 계약직,질문성,180,2025-02-01 06:29,고용 형태 및 계약,노동 및 고용 관련 이슈
978469,쿠팡 부천허브 심야 근무에 지원해보려 합니다. 강도가 높은 일인지 궁금합니다. 운동으로 생각하고 해보려 합니다.,허브는 가장 힘든 작업으로 알려져 있습니다.; 너무 열심히 하면 이동이 많아질 수 있습니다.; 운동과 노동은 다르니 주의하세요.,쿠팡 허브; 심야 근무; 근무 강도,질문성,519,2025-02-01 05:46,근무 환경 및 조건,노동 및 고용 관련 이슈
978468,"인천공항 카트 업무를 지원하려 하는데, 허리디스크가 있는 상태에서 가능한지 궁금합니다.",카트는 무겁기 때문에 허리에 부담이 될 수 있습니다.; 허리디스크가 있다면 다른 직업을 고려하는 것이 좋습니다.,인천공항 카트; 허리디스크; 업무 부담,질문성,427,2025-02-01 05:28,근무 환경 및 조건,노동 및 고용 관련 이슈
978467,영화관 아르바이트에 지원했지만 연락이 오지 않습니다. 경쟁이 심한가요? 어떻게 해야 붙을 수 있을지 알고 싶습니다.,경기 불황으로 인력이 넘쳐나고 있습니다.; 영화관 아르바이트는 힘든 일입니다.; 다른 일도 고려해보세요.,영화관 아르바이트; 지원 경쟁; 채용 전략,질문성,692,2025-02-01 04:27,취업 및 채용 관련,업종별 아르바이트
978466,"인바운드 콜센터 상담원에 대해 궁금합니다. 채용 과정과 업무 특성, 그리고 교육 과정에 대해 알고 싶습니다.",콜센터는 용역회사 소속일 가능성이 높습니다.; 타자 속도는 업무 효율을 위해 중요합니다.; 교육 과정에 따라 교육비 지급 여부가 달라질 수 있습니다.,인바운드 콜센터; 용역회사; 교육 과정,질문성,354,2025-02-01 03:58,취업 및 채용 관련,고용 형태 및 계약
978465,카페에서 손목시계를 착용할 수 없는지 궁금합니다. 애플워치는 허용되지만 아날로그 시계는 안 되는 이유가 있나요?,워치가 가능하다면 시계도 가능할 것입니다.; 설거지 등 업무 때문에 착용이 제한될 수 있습니다.,카페 아르바이트; 손목시계; 착용 제한,질문성,410,2025-02-01 03:32,업종별 아르바이트,근무 환경 및 조건
978464,"알바 공고에서 근무 시간이 10분, 45분 단위로 되어 있는 경우가 있는데, 이는 왜 그런지 궁금합니다.","시급은 1시간 단위로 계산되지만, 근무 시간은 45분까지 하고 나머지 15분은 쉬는 시간일 수 있습니다. 사장님께 자세히 여쭤보세요.; 공고를 보고 궁금했는데 알려주셔서 감사합니다.",알바 공고; 근무 시간; 시급,질문성,203,2025-02-01 03:03,근무 환경 및 조건,급여 및 보상 관련
978463,녹음 알바를 지원했는데 시각 장애인을 위한 일이라고 합니다. 소셜 웨이브라는 곳인데 정보가 부족하여 괜찮은지 모르겠습니다. 면접을 본다고 하는데 괜찮을까요?,찜찜하면 가지 마세요.; 알바 공고 중 이상한 것도 많으니 조심하세요.; 시급이 높거나 쉽게 돈을 벌 수 있다는 공고는 피하는 게 좋습니다.,녹음 알바; 시각 장애인; 소셜 웨이브,질문성,486,2025-02-01 02:46,노동 및 고용 관련 이슈,업종별 아르바이트
978462,마감된 카페 알바에 아침에 전화로 자리가 남았는지 물어봐도 될까요?,아침보다는 오후 3시나 4시쯤 전화하는 것이 좋습니다.,카페 알바; 마감; 전화 문의,질문성,226,2025-02-01 02:35,업종별 아르바이트,노동 및 고용 관련 이슈
978461,편의점에서 근무 중인데 물류 정리를 퇴근 시간까지 끝내지 못합니다. 물류 정리를 다 못했을 시에는 남아서 해야 하나요?,4시간이면 시간이 부족할 수 있습니다. 사장님께 물어보세요.; 피크타임에 그 정도 물류면 다 못 끝내는 게 맞습니다.; 매장마다 다르지만 어려운 경우가 많습니다.,편의점 근무; 물류 정리; 교대 시간,질문성,284,2025-02-01 02:22,업종별 아르바이트,근무 환경 및 조건
978460,글루가 네일 공장에 출근 예정인데 어떤 곳인지 궁금합니다.,생산직이라고 해서 환경이 모두 나쁘지 않습니다. 익숙해지면 잘하실 겁니다.,글루가 네일; 생산직; 공장,질문성,192,2025-02-01 02:05,노동 및 고용 관련 이슈,근무 환경 및 조건
978459,카페 면접을 보러 가는데 이력서가 필수인가요?,"자필 이력서를 작성해 가는 것도 괜찮습니다.; 이력서를 가져오라고 했으면 가져가고, 그렇지 않으면 선택입니다.",카페 면접; 이력서; 준비물,질문성,284,2025-02-01 01:29,취업 및 채용 관련,면접 및 지원 과정
978458,병원 보조 업무를 하면서 투잡이 가능한지 궁금합니다.,"겸업금지 조항이 있으면 공식적으로는 어렵지만, 많은 경우 모르는 척 넘어갑니다.; 실업급여 받는 중이 아니라면 차감되지 않습니다.",병원 보조; 투잡; 겸업금지,질문성,156,2025-02-01 01:23,노동 및 고용 관련 이슈,고용 형태 및 계약
978457,"25살인데 친구를 믿고 현장직을 따라가 2년간 일했으나 경력이 쌓이지 않아 고민입니다. 모든 지원에서 탈락했고, 무엇을 해야 할지 모르겠습니다.","많은 사람들이 비슷한 상황에 놓여 있습니다.; 힘내세요, 백화점 알바라도 시작해보세요. 사는 게 답입니다.; 무기력증이나 우울증일 수 있으니 상담을 받아보는 것도 좋습니다.",현장직; 경력; 취업 고민,경험성,601,2025-02-01 00:54,취업 및 채용 관련,직업 및 경력 관리
978456,CU 편의점 알바를 하게 되었는데 포스기가 달라서 걱정입니다. 어떤 점을 준비해야 할까요?,CU 포스기가 쉬운 편입니다. 세븐일레븐 경험이 있으면 걱정하지 마세요.; 유튜브에서 CU 포스기를 검색해 공부해보세요.,CU 편의점; 포스기; 알바 준비,질문성,314,2025-02-01 00:45,업종별 아르바이트,취업 및 채용 관련
978454,온라인 지원을 새벽에 해도 괜찮은가요?,온라인 지원은 새벽에 해도 상관없습니다.; 낮에 하는 것이 좋습니다. 사장님 폰으로 알람이 갈 수 있습니다.,온라인 지원; 지원 시간; 알람,질문성,442,2025-02-01 00:20,취업 및 채용 관련,면접 및 지원 과정
978453,"주 2일, 하루 9시간, 시급 11,000원으로 일할 때 주휴수당 포함 월급 계산법을 묻고 있습니다.","주휴수당 포함 총 금액은 약 1,032,428원입니다. 그러나 4대보험 등 근무처에 따라 변동될 수 있으니 급여명세서를 요청해보세요.",주휴수당; 시급; 급여 계산,질문성,240,2025-02-01 00:20,급여 및 보상 관련,근무 환경 및 조건
978452,온라인 알바에 새벽 지원이 가능한지 문의하고 있습니다.,없음,온라인 알바; 새벽 지원; 근무 지원,질문성,2,2025-02-01 00:18,업종별 아르바이트,근무 환경 및 조건
978451,쿠팡의 여러 업무 중 어떤 것이 가장 힘들고 어떤 것이 상대적으로 쉬운지 문의하고 있습니다.,"허브와 출고 작업이 가장 힘들고 기피되는 공정입니다.; 입고, 진열, 재고 관리는 상대적으로 수월합니다.",쿠팡; 허브; 업무 난이도,질문성,472,2025-02-01 00:10,근무 환경 및 조건,업종별 아르바이트
978448,알바 지원 후 연락이 없는 상황에 대한 고민과 알바 추천을 요청하고 있습니다.,"17세는 알바 구하기 어렵고, 식당이나 프랜차이즈에서 주말 알바를 구할 수 있습니다.; 경력을 쌓아야 나중에 더 쉽게 구직할 수 있습니다.; 웨딩홀 알바도 고려해보세요.",알바 지원; 청소년 알바; 알바 추천,질문성,457,2025-01-31 23:22,업종별 아르바이트,취업 및 채용 관련
978445,올리브영에서 학생을 고용하는지 문의하고 있습니다.,대학생은 고용되지만 중고등학생은 거의 고용되지 않습니다.,올리브영; 학생 알바; 알바 구직,질문성,249,2025-01-31 23:03,업종별 아르바이트,취업 및 채용 관련
978442,고깃집 알바 중 여행 일정이 있어 사전 통보하지 못한 상황에 대한 고민을 하고 있습니다.,"면접 시 미리 알렸어야 하며, 사장님 입장에서는 무책임하게 보일 수 있습니다.; 여행과 일을 모두 잡고 싶다면, 최소 3개월은 성실히 일하는 모습을 보여주세요.",알바; 여행; 근무 신뢰도,질문성,532,2025-01-31 22:42,노동 및 고용 관련 이슈,업종별 아르바이트
978440,무경력으로 알바 구하기의 어려움을 토로하고 있습니다.,"편의점은 경력이 없어도 채용될 수 있지만, 요즘 무경력 채용은 어렵습니다.; 경력이 없는 경우 야간 알바부터 시작해보는 것도 방법입니다.",무경력; 알바 구직; 편의점,경험성,833,2025-01-31 22:23,업종별 아르바이트,노동 및 고용 관련 이슈
978438,부모의 취업 반대에 대한 경험을 공유하고 있습니다.,좋은 곳에 가지 말라는 부모는 이해하기 어렵습니다.; 졸업 후 더 좋은 회사에 가도록 지원하는 것이 일반적입니다.; 집을 나와 독립하는 것도 고려해보세요.,취업; 부모 반대; 독립,경험성,511,2025-01-31 22:08,취업 및 채용 관련,사회적 이슈 및 인식
978437,단기적으로 일주일만 일하고 그만둘 계획에 대한 고민을 하고 있습니다.,일주일만 일하고 그만두는 것은 비매너로 보일 수 있습니다.; 단기 알바를 찾아보는 것이 좋습니다.,단기 알바; 일주일 근무; 재정 계획,질문성,229,2025-01-31 21:59,고용 형태 및 계약,노동 및 고용 관련 이슈
978435,연차 사용 시 주휴수당이 지급되지 않는 상황에 대한 문의를 하고 있습니다.,근로계약서를 확인하고 노동청에 상담을 받아보세요.; 연차 사용 후 주휴수당이 지급되지 않는 것은 문제입니다.,주휴수당; 연차; 근로계약서,질문성,142,2025-01-31 21:34,노동 및 고용 관련 이슈,급여 및 보상 관련
978434,공장 잔업 결정 기준은 회사의 할당량과 물량에 의해 좌우된다는 점을 공유합니다.,"할당량에 따라 잔업이 결정되며, 관리자가 물량을 체크하여 조정합니다.; 회사에서 일이 많아야 잔업이 진행됩니다.",공장 잔업; 할당량; 물량 조정,질문성,181,2025-01-31 21:32,근무 환경 및 조건,노동 및 고용 관련 이슈
978433,"올리브영에서 3잡이 가능한지 궁금합니다. 면접 후 긍정적인 인상을 받았으나, 투잡이 불가능하다는 이야기를 들어 고민 중입니다.",3잡을 하더라도 알리지 않는 것이 좋습니다.; 연장 근무가 힘들어질 수 있어 회사 측에서 꺼릴 수 있습니다.; 월급 지급 시 문제가 될 수 있으니 주의해야 합니다.,올리브영; 3잡; 근무 조건,질문성,635,2025-01-31 21:23,업종별 아르바이트,근무 환경 및 조건
978432,최저임금 관련하여 편의점에서 받은 급여가 적절한지 확인하고 싶습니다. 교육급여와 휴게시간 제외에 대한 문제가 있어 노동청에 문의할 예정입니다.,노동청에 가서 상담 받는 것이 좋습니다.; 교육급여와 근로계약서 내용을 확인해보세요.; 최저임금은 미성년자든 성년자든 동일합니다.,최저임금; 근로계약서; 노동청 상담,질문성,166,2025-01-31 21:22,노동 및 고용 관련 이슈,고용 형태 및 계약
978431,케이피나인 회사에서 일해본 경험을 요청합니다.,없음,서운산업단지; 케이피나인; 회사 후기,질문성,45,2025-01-31 21:20,근무 환경 및 조건,직장 내 문화 및 관계
978428,평택 컬리P팀 냉장 부서 첫 출근을 앞두고 근무 강도에 대해 궁금합니다.,할 만한 수준입니다.,평택 컬리P팀; 냉장 부서; 근무 강도,질문성,145,2025-01-31 20:51,근무 환경 및 조건,노동 및 고용 관련 이슈
978427,"컬리에서 통근버스 탑승 전 1시간 전에 문자를 받는데, 통근버스를 타라는 의미인지 궁금합니다.",인력이 급한 것 같습니다.; 문자를 미리 보내는 것이 필요합니다.,컬리; 통근버스; 근무 통보,질문성,291,2025-01-31 20:32,근무 환경 및 조건,노동 및 고용 관련 이슈
978425,"단기 알바 면접 시 주의사항을 안내합니다. 전화 면접, 카페 대면 면접 등 특정 조건을 확인해보세요.",비슷한 상황을 경험할 뻔했습니다.,단기 알바; 면접 주의사항; 사기 경고,경험성,308,2025-01-31 20:30,노동 및 고용 관련 이슈,면접 및 지원 과정
978424,"메가커피 알바 면접에서 근무 거리에 대한 질문을 받았는데, 거리가 먼지에 대한 사장님의 의도에 대해 궁금합니다.",거리 문제는 지각이나 그만두는 경우 때문일 수 있습니다.; 버스로 25분은 먼 거리로 볼 수 있습니다.,메가커피; 알바 면접; 근무 거리,질문성,870,2025-01-31 20:02,취업 및 채용 관련,업종별 아르바이트
978422,20대 초반부터 저축을 시작했어야 한다는 경제 관념의 중요성을 공유합니다.,환경에 따라 저축이 쉽지 않습니다.; 저축은 나이가 들수록 어려워집니다.; 1년에 2천만 원 저축은 가능하지만 쉽지 않습니다.,저축; 경제 관념; 20대 재정,경험성,608,2025-01-31 19:50,사회적 이슈 및 인식,경제 관념
978421,공고에 명시된 근무 시간을 반드시 지켜야 하는지 궁금합니다.,공고 시간 오류일 수 있습니다.; 짧은 시간은 제대로 올린 것일 수 있습니다.,근무 시간; 공고 오류; 시간 조정,질문성,222,2025-01-31 19:45,근무 환경 및 조건,노동 및 고용 관련 이슈
978419,"신세계 강남점에 합격했는데, 직원 통로의 위치가 궁금합니다.",백화점 지하 입구 쪽에 있습니다.,신세계 강남점; 직원 통로; 백화점,질문성,177,2025-01-31 19:42,근무 환경 및 조건,직장 내 문화 및 관계
978418,6개월 계약한 알바를 그만두려 합니다. 2월까지 일하고 그만둔다고 미리 말하는 것이 괜찮을까요?,사장님께 1달 전에 통보하는 것이 좋습니다.; 하루 전 통보는 무리가 있습니다.,알바 계약; 그만두기; 통보 시점,질문성,370,2025-01-31 19:42,고용 형태 및 계약,노동 및 고용 관련 이슈
978417,원창컬리 근무 후 입금이 언제 되는지 궁금합니다.,없음,원창컬리; 근무 입금,질문성,63,2025-01-31 19:33,근무 환경 및 조건,급여 및 보상 관련
978416,콜인력 지원 후 연락이 없어 실망했습니다. 다른 곳에서도 대기만 시키고 연락이 없습니다.,다른 곳도 알아보시는 것이 좋습니다.,콜인력; 지원자 대기; 연락 문제,경험성,217,2025-01-31 19:25,취업 및 채용 관련,고용 형태 및 계약
978415,평택컬리에서 근무했는데 입금이 아직 되지 않았습니다. 다른 분들은 입금이 되었나요?,"18:07 1차, 19:10 2차, 19:28 3차 입금되었습니다.; 20시에 3차 입금 예정입니다.; 입금 확인했습니다.",평택컬리; 근무 입금,질문성,284,2025-01-31 19:18,근무 환경 및 조건,급여 및 보상 관련
978413,요즘 알바생들이 불친절한 이유가 무엇인지 궁금합니다.,알바생들은 일에 크게 신경 쓰지 않을 수 있습니다.; 불친절은 오래전부터 있었던 문제입니다.,알바생; 불친절; 서비스 태도,질문성,585,2025-01-31 19:15,노동 및 고용 관련 이슈,직장 내 문화 및 관계
978411,용인 파스토 2센터에서 여성으로서 일하기 괜찮은지 궁금합니다. 피킹 경험은 있습니다.,없음,용인 파스토 2센터; 여성 근무; 피킹 경험,질문성,93,2025-01-31 18:51,업종별 아르바이트,노동 및 고용 관련 이슈
978410,합격 통보 문자는 보통 언제 오는지 알고 싶습니다.,당일이나 그 주 주말 전에 옵니다.; 면접 당일에 통보받는 경우도 많습니다.,합격 통보; 면접 결과,질문성,373,2025-01-31 18:34,취업 및 채용 관련,면접 및 지원 과정
978407,월급날이 왜 이렇게 늦게 오는지 궁금합니다.,월급날이 4일 남았습니다.,월급날; 지급 지연,질문성,200,2025-01-31 18:09,급여 및 보상 관련,근무 환경 및 조건
978405,쿠팡 일용직 급여가 아직 입금되지 않았습니다. 연휴 때문에 늦는 것인지 궁금합니다.,연휴로 인해 늦어질 수 있습니다.; 방금 입금되었습니다.,쿠팡 일용직; 급여 입금; 연휴 지연,질문성,441,2025-01-31 18:03,노동 및 고용 관련 이슈,급여 및 보상 관련
978403,신한카드 미납콜센터 근무 환경에 대해 궁금합니다. 경험자 분들의 의견을 듣고 싶습니다. 근무가 많이 힘든가요?,"카드 미납 관련 통화는 스트레스가 많습니다. 팀장들이 실적 압박을 많이 주며, 욕설을 듣는 경우도 많아 멘탈이 강해야 합니다.; 근무 시간이 길고, 휴식 시간이 부족한 경우도 있습니다.; 친절한 상담이 필요 없다는 점은 장점일 수 있습니다.",신한카드; 미납콜센터; 근무 환경,질문성,343,2025-01-31 17:52,근무 환경 및 조건,노동 및 고용 관련 이슈
978401,쿠팡 심야조 확정 문자가 아직 오지 않았습니다. 이 경우 마감된 것으로 봐야 하나요?,동의합니다. 마감된 것으로 보고 다른 일을 찾는 것이 좋습니다.,쿠팡; 심야조; 확정 문자,질문성,333,2025-01-31 17:40,업종별 아르바이트,근무 환경 및 조건
978400,나이스 평가정보에서 아르바이트를 해보신 분이 있나요?,아쉽게도 탈락했습니다.,나이스 평가정보; 아르바이트,질문성,216,2025-01-31 17:34,업종별 아르바이트,고용 형태 및 계약
978399,모던 바에서 아르바이트 해보신 분의 경험을 듣고 싶습니다. 주로 어떤 일을 하게 되나요?,스킨십 없이 바에서 일한다고 들었습니다. 하지만 성판매와 관련된 일이므로 추천하지 않습니다.; 성범죄 피해 시 신고가 어려운 환경입니다.; 룸 없이 바 테이블만 있는 곳에서 일하는 것이 좋습니다.,모던 바; 아르바이트; 스킨십,질문성,472,2025-01-31 17:32,업종별 아르바이트,직장 내 문화 및 관계
978397,근무 장소가 거주지와 멀면 채용에 불리한가요?,대중교통으로 40분 거리라면 문제 없을 것입니다. 지각이나 결근이 없다는 점을 어필하세요.; 먼 거리에서도 아르바이트 해본 경험이 있으면 긍정적입니다.,근무 장소; 거주지; 채용,질문성,331,2025-01-31 17:07,취업 및 채용 관련,근무 환경 및 조건
978395,엠피알 컴퍼니 남동시범공단 인근 화장품 공장은 어떤가요?,후기에서 힘들다고 하면 가지 않는 것이 좋습니다. 쉬운 곳만 찾는 사람들은 지원하지 않는 것이 좋습니다.,엠피알 컴퍼니; 남동시범공단; 화장품 공장,질문성,91,2025-01-31 16:59,근무 환경 및 조건,업종별 아르바이트
978392,같은 계열사에 재입사 경험이 있는 분 계신가요?,같은 계열사라도 직영점과 개인사업자는 복지와 급여가 다릅니다.,재입사; SPC 계열사; 직영점,질문성,229,2025-01-31 16:50,고용 형태 및 계약,취업 및 채용 관련
978387,KBS 수신료 콜센터에서 근무해보신 분 계신가요?,콜센터 업무는 민원 관련 전화가 많아 힘들 수 있습니다. 다른 콜센터를 알아보세요.,KBS 수신료; 콜센터; 민원,질문성,199,2025-01-31 16:21,사회적 이슈 및 인식,노동 및 고용 관련 이슈
978385,올리브영 매장에서의 부당한 대우를 본사에 신고해야 할까요?,증거가 필요합니다. 녹음이나 문자를 통해 증거를 수집하세요.; 갑질에 대한 증거가 있다면 고소할 수 있습니다.; CJ 제보 매뉴얼을 활용해 본사에 제보하세요.,올리브영; 갑질; 신고,질문성,526,2025-01-31 16:10,노동 및 고용 관련 이슈,직장 내 문화 및 관계
978384,상여가 높아서 지원했는데 품질부서만 남아 있어 고민됩니다.,복지가 좋고 일이 편한 지역도 있습니다.; 대부분의 회사에서 육안검사 부서만 남아 있는 경우가 많습니다.,품질부서; 상여; 취업,경험성,361,2025-01-31 16:10,취업 및 채용 관련,급여 및 보상 관련
978382,"기업에서 알바생 채용 공고를 올리고도 이력서를 열람하지 않는 경우가 많습니다. 지원자는 이력서 열람 여부를 확인할 필요가 없으며, 채용은 기업이 알아서 진행해야 한다고 생각합니다.",이력서를 열람해도 서류 전형을 통과해야 면접 기회가 생깁니다.; 이력서를 열람하는 것이 면접의 첫 단계입니다.,이력서 열람; 채용 공고; 지원자,질문성,278,2025-01-31 16:01,취업 및 채용 관련,면접 및 지원 과정
978379,"계약직으로 일주일째 일하고 있는데, 업무가 맞지 않아 고민입니다. 리빈 과정에서 실수가 많아 폐를 끼치는 것 같아 그만두는 것이 맞는지 궁금합니다.",처음에는 실수가 있지만 적응할 수 있을 것입니다.; 쿠팡의 단순 업무는 적응하면 쉽게 할 수 있습니다.,계약직; 리빈; 업무 적응,질문성,555,2025-01-31 15:12,고용 형태 및 계약,근무 환경 및 조건
978378,"여러 알바를 지원했는데, 이력서 열람 후 채용 진행 알림이 하나만 왔습니다. 왜 그런 것인지 궁금합니다.",이력서를 열람했다고 해서 모두 연락하지는 않습니다. 서류 전형 통과자만 연락받습니다.; 본청에서의 컨펌 과정이 있을 수 있습니다.,채용 진행; 이력서 열람; 서류 전형,질문성,199,2025-01-31 15:08,취업 및 채용 관련,면접 및 지원 과정
978377,군포 물류는 당일 취소를 자주 하는 곳입니다. CJ택배의 주간 분류와 야간 상하차 외에는 대부분 취소가 잦습니다.,"네, 일용직 다음입니다.",군포 물류; 당일 취소; CJ택배,경험성,323,2025-01-31 15:07,업종별 아르바이트,물류센터 알바
978376,써밋앰버서더라는 브랜드 판촉 대행에 대해 경험이 있는 분이 계신가요? 어떤지 궁금합니다.,궁금하면 직접 알아보는 것이 좋습니다.,써밋앰버서더; 브랜드 판촉; 경험 문의,질문성,51,2025-01-31 14:57,브랜드 판촉,취업 및 채용 관련
978375,편의점 알바의 수습 기간이 궁금합니다. 수습 기간이 없다고 봐도 될까요?,점장님께 물어보세요. 매장마다 다를 수 있습니다.; 다른 알바생들에게 수습 기간 여부와 시급을 물어보세요.,편의점 알바; 수습 기간; 근로 계약,질문성,395,2025-01-31 14:41,업종별 아르바이트,고용 형태 및 계약
978374,"세일즈웍스코리아에서 일을 해보신 분 계신가요? 후원 취소로 인해 돈을 요구받았는데, 경험이 있는 분들의 이야기를 듣고 싶습니다.",다단계일 가능성이 있습니다.,세일즈웍스코리아; 후원 취소; 다단계,질문성,98,2025-01-31 14:41,사회적 이슈 및 인식,고용 형태 및 계약
978373,"대전 유성 홈플러스의 매니저가 폭언을 해서 그만두었습니다. 폭언은 부적절하며, 녹취해서 신고해야 한다고 생각합니다.","폭언은 금지되어 있으며, 부당한 대우를 받으면 증거를 수집해 노동부에 신고해야 합니다.",폭언; 대전 유성 홈플러스; 노동부 신고,경험성,375,2025-01-31 14:20,직장 내 문화 및 관계,노동 및 고용 관련 이슈
978371,"이틀간 결근해야 하는데, 점장님께 대타를 구해달라고 요청해야 할까요? 직접 구해도 되는지 궁금합니다.",점장님께 먼저 말씀드려야 합니다.; 대타를 직접 구하려면 점장의 허락이 필요합니다.,편의점 대타; 결근; 점장 허락,질문성,298,2025-01-31 14:07,업종별 아르바이트,노동 및 고용 관련 이슈
978370,군포 네이버 물류도 당일 취소가 많은지 궁금합니다. 쿠팡에서 자주 떨어져 군포로 가야 할 것 같습니다.,지원해보세요.; 소싱 위치에 따라 다를 수 있습니다.,군포 물류; 당일 취소; 네이버 물류,질문성,363,2025-01-31 13:47,업종별 아르바이트,근무 환경 및 조건
978369,아웃소싱 소득신고에 대해 궁금한 점이 있습니다. 하루 일한 것도 소득신고를 해야 하나요?,"하루 일한 것도 소득신고가 필요하며, 1월 근무는 3월에 확인 가능합니다.; 소득신고 요청은 가능하며, 홈택스에서 본인이 신고할 수 있습니다.; 사업자 번호를 알고 있다면 역신고가 가능합니다.",아웃소싱; 소득신고; 홈택스,질문성,277,2025-01-31 13:43,고용 형태 및 계약,급여 및 보상 관련
978368,알바 지원한 곳에 다시 지원해도 될까요? 눈치가 보여서 걱정됩니다.,"다시 지원하는 것은 문제 없으며, 선택은 업장의 몫입니다.; 시간이 조금 흘렀다면 괜찮습니다.; 연락이 오면 좋고, 안 오면 신경 쓰지 않아도 됩니다.",알바 지원; 재지원; 취업,질문성,425,2025-01-31 13:41,취업 및 채용 관련,면접 및 지원 과정
978367,이디야커피 매장에서 CCTV로 감시하며 모든 레시피를 외우기를 기대합니다. 일하기 전에 참고하세요.,숨막히는 환경입니다.; AI를 사용하는 것이 필요할 것 같습니다.,이디야커피; CCTV 감시; 레시피,경험성,251,2025-01-31 13:35,업종별 아르바이트,근무 환경 및 조건
978365,스케줄 근무로 인해 일정 조정이 어렵습니다. 중요한 일정이 있을 때 미리 말씀드려도 될까요?,중요한 일정은 미리 말씀드리는 것이 예의입니다.; 스케줄 근무는 팀 내 협의가 필요합니다.; 스케줄 근무표가 어떻게 나오는지 확인해보세요.,스케줄 근무; 일정 조정; 근로자 배려,질문성,138,2025-01-31 13:32,근무 환경 및 조건,노동 및 고용 관련 이슈
978362,일산 카페 알바에서 폭언을 경험했습니다. 사장님의 태도가 문제입니다.,이런 곳은 일할 가치가 없습니다.; 면접 때 사장의 태도를 잘 관찰하세요.; 사장의 인성이 문제입니다.,일산 카페; 폭언; 알바 경험,경험성,542,2025-01-31 13:13,노동 및 고용 관련 이슈,직장 내 문화 및 관계
978359,우리나라 근무시간이 너무 깁니다. 하루 5시간이 적당한 것 같습니다.,보통 9시간 근무가 많아 지칩니다.; 돈을 벌기 위해서는 최소 8시간은 일해야 합니다.,근무시간; 일자리; 노동시간,경험성,369,2025-01-31 12:52,근무 환경 및 조건,노동 및 고용 관련 이슈
978358,카페 알바에서 주문 실수를 하면 어떻게 해야 하나요?,실수 시 버리는 것이 기본 원칙입니다.; 사장님께 보고하고 처리해야 합니다.; 실수를 줄이는 것이 중요합니다.,카페 알바; 주문 실수; 업무 처리,질문성,513,2025-01-31 12:40,업종별 아르바이트,노동 및 고용 관련 이슈
978357,면접에 걸리는 시간은 얼마나 되나요?,보통 3~10분 정도 걸립니다.; 3분 컷으로 끝나는 경우도 많습니다.,면접 시간; 채용 절차; 알바 지원,질문성,193,2025-01-31 12:38,취업 및 채용 관련,면접 및 지원 과정
978356,식기세척 알바를 할 수 있을까요? 손이 느리다는 평가가 걱정됩니다.,단기 알바로 했을 때 간단한 작업이었습니다.; 손이 느려도 괜찮습니다.,식기세척; 알바 지원; 업무 평가,질문성,235,2025-01-31 12:37,노동 및 고용 관련 이슈,업종별 아르바이트
978355,홈플러스 알바 지원 시 첫날 온라인 교육을 받으라고 했습니다. 그러나 환경이 열악했습니다.,본인 핸드폰으로 데이터를 켜고 교육을 듣게 하다니 회사가 정신 나간 것 같습니다.,홈플러스; 알바 교육; 근무 환경,경험성,171,2025-01-31 12:35,노동 및 고용 관련 이슈,근무 환경 및 조건
978354,"단기 아르바이트를 찾는 중 포장업체에서 근무 환경이 열악하다는 느낌을 받았습니다. 나이가 많은 직원들이 많고, 위생모와 유니폼, 실내화를 착용해야 한다는 점에서 불편함이 예상됩니다. 과거 경험에 비추어 보면 휴게공간도 열악하여 젊은 사람들이 기피하는 경향이 있습니다. 이런 환경에 대해 어떻게 생각하십니까?",대부분의 단기 아르바이트는 까다롭고 불편할 가능성이 높습니다.; 글쓴이의 말이 맞고 관리자도 불편하게 하는 경우가 많습니다.,단기 아르바이트; 근무 환경; 직원 연령대,경험성,552,2025-01-31 12:28,고용 형태 및 계약,근무 환경 및 조건
978348,"망향휴게소에서 아르바이트를 하려 하는데, 급여와 숙식 제공 조건이 괜찮아 보입니다. 아웃소싱 기업이지만 휴게소 근무는 처음이라 급여와 분위기가 어떤지 궁금합니다.",직접 전화로 문의하는 것이 좋습니다.; 다른 곳에서도 긍정적으로 대답할 수 있으니 주의하세요.,망향휴게소; 아르바이트; 급여,질문성,165,2025-01-31 11:42,노동 및 고용 관련 이슈,급여 및 보상 관련
978344,광쿠4센터에서 저녁 시간대 근무에 대한 질문입니다. 사람들과 관리자에 대해 알고 싶습니다.,일용직이면 직접 가서 경험해 보는 것이 좋습니다.,광쿠4센터; 야간 근무; 관리자,질문성,125,2025-01-31 11:19,근무 환경 및 조건,고용 형태 및 계약
978343,세금환급도움센터에서 DA컨설팅과 엑셀 단순 작업 아르바이트에 대해 아시는 분 계신가요? 서류 합격 후 교육 요청을 받았는데 의심스럽습니다.,없음,세금환급도움센터; DA컨설팅; 아르바이트,질문성,114,2025-01-31 11:08,업종별 아르바이트,고용 형태 및 계약
978342,ㅋㄹ 주간조 신청 후 마감되었다는 문자를 받았습니다. 다음날 출근을 원하면 다시 문자로 문의해야 할까요?,없음,ㅋㄹ 주간조; 아르바이트 신청; 출근 문의,질문성,111,2025-01-31 10:38,노동 및 고용 관련 이슈,업종별 아르바이트
978339,이력서를 읽지 않는 이유가 무엇일까요? 많은 지원자 중에서 이력서 열람 전 탈락하는 경우가 있는지 궁금합니다.,지원자가 많거나 이미 면접 진행 중일 수 있습니다.; 요즘은 퇴사해도 인원을 새로 뽑지 않는 분위기입니다.; 많은 지원자 수로 인해 이력서를 다 읽지 못할 수 있습니다.,이력서; 지원자; 채용 절차,질문성,930,2025-01-31 09:53,취업 및 채용 관련,면접 및 지원 과정
978336,"오늘 처음 아르바이트 면접을 보러 가는데, 면접에서 어떤 질문을 받을지 궁금합니다. 따로 준비해야 할까요?","지원 동기, 자기소개, 나이, 경력 등을 물어봅니다.",아르바이트 면접; 질문 준비; 지원 동기,질문성,401,2025-01-31 08:58,취업 및 채용 관련,면접 및 지원 과정
978335,오늘 아르바이트 면접에 보건증을 가져가도 될까요? 이력서와 함께 가져가도 괜찮은지 궁금합니다.,보건증은 가산점이 될 것 같지만 꼭 필요하지는 않습니다.,아르바이트 면접; 보건증; 이력서,질문성,420,2025-01-31 08:52,취업 및 채용 관련,면접 및 지원 과정
978333,알바 지원서에 첨부할 만한 자료가 거의 없어 연락이 잘 오지 않습니다. 과 수석이나 차석 등의 정보를 이력서에 포함시키는 것이 좋을까요?,좋은 방향으로 튀는 내용은 이득이 됩니다. 거짓말은 하지 마세요.,알바 지원서; 성과 첨부; 이력서,질문성,537,2025-01-31 05:10,취업 및 채용 관련,면접 및 지원 과정
978331,상시 모집이 아닌 경우 마감기한보다 하루 일찍 모집 마감된 것은 채용이 완료된 것일까요? 면접 후 기다려도 될지 궁금합니다.,면접을 보고 왔다면 오늘까지 기다려보세요.,모집 마감; 면접 후 대기; 채용 완료,질문성,175,2025-01-31 04:10,취업 및 채용 관련,면접 및 지원 과정
978330,첫 카페 아르바이트로 메가커피에서 일하게 되었습니다. 주방 보조나 식당 서빙 경력은 있지만 카페는 처음입니다. 메가커피가 힘들다고 들었는데 걱정이 됩니다. 경험이나 조언 부탁드립니다.,메가커피 지점마다 다르니 열심히 물어보며 하시면 잘 하실 겁니다.; 지점마다 다르지만 안 바쁜 곳도 있습니다.; 경력자가 아닌 경우 교육을 시켜줘야 한다고 생각합니다.,카페 아르바이트; 메가커피; 아르바이트 조언,질문성,575,2025-01-31 04:04,업종별 아르바이트,노동 및 고용 관련 이슈
978329,식당 주방 일이 서빙보다 더 힘든가요? 저는 서빙을 해봤는데 정말 힘들었습니다.,본인에게 맞는 일이 있습니다.; 주방 일은 서빙과 다르게 목적이 다릅니다.; 일본 식당은 한국 식당과 다르며 섬세함이 요구됩니다.,식당 주방; 서빙; 업무 비교,질문성,581,2025-01-31 02:45,업종별 아르바이트,근무 환경 및 조건
978328,"알바 면접 시 패딩을 입고 가야 할까요, 벗고 가야 할까요?",벗고 가는 것이 좋습니다.; 면접 유형에 따라 다르지만 일반적으로 벗는 것이 좋습니다.,알바 면접; 복장; 패딩,질문성,492,2025-01-31 02:29,취업 및 채용 관련,면접 및 지원 과정
978327,스타벅스 홈페이지에 지원서를 넣었는데 연락이 안 옵니다. 서류 탈락인가요?,지원 후 일주일이 지났다면 서류 탈락일 가능성이 높습니다.,스타벅스; 지원서; 서류 탈락,질문성,175,2025-01-31 02:15,취업 및 채용 관련,면접 및 지원 과정
978325,시대인재 대치 조교로 지원했습니다. 조교 경험이 있으신 분들의 의견을 듣고 싶습니다.,없음,시대인재; 조교; 지원,질문성,113,2025-01-31 01:58,취업 및 채용 관련,면접 및 지원 과정
978324,"알바를 시작한 지 한 달이 조금 넘었는데, 느린 속도로 인해 고민이 많습니다. 비슷한 경험을 하신 분들의 조언을 듣고 싶습니다.",익숙해지면 빠르게 적응할 수 있습니다. 노력하세요.; 여러 가지를 동시에 하면 빨라질 수 있습니다.; ADHD를 극복하려면 꾸준한 노력이 필요합니다.,느린 속도; 알바 경험; ADHD,경험성,784,2025-01-31 01:42,노동 및 고용 관련 이슈,직장 내 문화 및 관계
978323,"주 4일 일할 수 있는 냉동 피킹 아르바이트를 하고 있습니다. 장점은 시간이 빨리 가고, 단점은 셔틀버스 출발이 늦다는 것입니다.",마켓컬리 맞나요?; 핫팩은 무료 제공됩니다.; 컬리는 업무 분담이 잘 되어 있습니다.,냉동 피킹; 마켓컬리; 아르바이트 후기,경험성,690,2025-01-31 01:25,업종별 아르바이트,노동 및 고용 관련 이슈
978322,아이코스 알바는 어떤가요? 알리스타 이야기가 많은데 매장마다 다른가요?,종로쪽 매장은 퇴사자가 많기로 유명합니다.,아이코스; 알바 후기; 매장 분위기,질문성,218,2025-01-31 01:22,업종별 아르바이트,근무 환경 및 조건
978321,카페마마스 잠실역점에서 일하기 힘든가요? 궁금합니다.,없음,카페마마스; 잠실역; 근무 환경,질문성,48,2025-01-31 01:12,근무 환경 및 조건,업종별 아르바이트
978320,이천에서 카페 확정 문자를 받으셨나요? 마감 문자와 확정 톡이 오지 않았습니다.,"응, 짤렸어.; 저도 안 왔습니다.",이천 카페; 확정 문자; 알바,질문성,247,2025-01-31 01:11,업종별 아르바이트,노동 및 고용 관련 이슈
978318,"송도의 특정 장소에서 일하던 경험을 공유합니다. 사장이 근무 시간을 지키지 않고, 매출 압박을 주며, 직원들을 부당하게 대우했습니다. 위생 상태도 좋지 않아 손님으로 가는 것도 추천하지 않습니다.",없음,송도; 매출 압박; 위생 상태,경험성,249,2025-01-31 00:59,근무 환경 및 조건,급여 및 보상 관련
978315,"사장 자매의 싸움으로 인해 알바를 당일 퇴사하는 것이 괜찮은지 고민합니다. 싸움으로 인해 심리적으로 불안하여 퇴사를 고민하고 있으며, 퇴사 경험이 있는 사람들의 조언을 구합니다.",죄송하지만 일이 너무 힘들다고 말하세요.; 통화 녹음 후 노동청에 신고하세요. 근무 환경이 좋지 않습니다.; 정신 건강을 위해 빠르게 이직을 추천합니다.,사장 자매; 퇴사 고민; 근무 환경,질문성,663,2025-01-31 00:29,근무 환경 및 조건,노동 및 고용 관련 이슈
978314,"일자리를 구하지 못해 경제적으로 어려운 상황을 하소연합니다. 월세가 밀리고 있으며, 면접에 계속 불합격하여 좌절하고 있습니다.",힘내세요. 저도 비슷한 처지입니다.; 인력 사무소에서 일당을 받을 수 있습니다.; 쿠팡과 같은 단기 알바도 시도해보세요.,일자리 부족; 경제적 어려움; 면접 불합격,경험성,720,2025-01-31 00:24,노동 및 고용 관련 이슈,취업 및 채용 관련
978313,편의점 알바에서 담배 재고 조사에 어려움을 겪고 있습니다. 재고 조사를 효율적으로 하는 방법을 묻습니다.,재고 조사 기계를 사용하면 빠릅니다.; 익숙해지면 시간이 단축됩니다.; 처음에는 시간이 많이 걸리지만 요령이 생깁니다.,편의점 알바; 담배 재고; 재고 조사,질문성,329,2025-01-31 00:22,업종별 아르바이트,노동 및 고용 관련 이슈
978312,시향 알바에서 부당 해고를 당한 경험을 공유합니다. 근로계약서 작성과 감시의 문제로 인해 불쾌감을 느꼈습니다.,근로계약서는 한 달에 한 번 작성이 맞습니다. 그냥 나가라는 핑계일 뿐입니다.; 일을 잘 못해서 그렇다고 본인을 원망하세요.,시향 알바; 부당 해고; 근로계약서,경험성,213,2025-01-31 00:19,노동 및 고용 관련 이슈,고용 형태 및 계약
978311,일자리를 구하기 어려운 상황을 토로합니다. 모든 지원이 무시당하고 경제 상황이 좋지 않다고 느낍니다.,쿠팡 계약직에 들어가면 많이 출근할 수 있습니다.; 웰컴데이도 연락이 오지 않습니다.; 면접 일정도 잡히지 않습니다.,일자리 부족; 경제 상황; 쿠팡,경험성,1181,2025-01-30 23:53,노동 및 고용 관련 이슈,사회적 이슈 및 인식
978310,내일장지롯데 C동에서의 근무가 힘든지 묻습니다. 소화물이라고 하지만 의류일 가능성이 있는지 궁금해합니다.,의류 쪽입니다.,내일장지롯데; 근무 조건; 소화물,질문성,159,2025-01-30 23:50,근무 환경 및 조건,노동 및 고용 관련 이슈
978309,"알바를 그만두려는 상황에서 사장에게 어떻게 통보할지 고민합니다. 통화로 이야기하려고 하며, 너무 늦게 알린 것 같아 죄송함을 느낍니다.",어쩔 수 없으니 그냥 얘기하세요. 별거 아닙니다.,알바 퇴사; 통보 방법; 죄송함,질문성,189,2025-01-30 23:44,노동 및 고용 관련 이슈,고용 형태 및 계약
978308,알바몬 이력서에 보건증을 어디에 기재해야 하는지 궁금합니다.,기재할 수 없습니다.,알바몬; 이력서; 보건증,질문성,174,2025-01-30 22:52,노동 및 고용 관련 이슈,취업 및 채용 관련
978303,"더 좋은 조건의 알바로 인해 현재 알바를 그만두려 합니다. 알바 그만두기 최소 2주 전에 말해야 한다는 것을 몰랐고, 사장님께 어떻게 말씀드려야 할지 고민합니다.",좋은 조건에서 일하게 됐다고 하세요. 한 달인데 괜찮습니다.,알바 퇴사; 조건 변화; 사장 통보,질문성,652,2025-01-30 22:21,노동 및 고용 관련 이슈,고용 형태 및 계약
978302,"중구에 있는 써니 파스타 몽에서의 근무 후기를 공유합니다. 주말 오후 알바로 일하면서 사장님과 매니저님의 친절함에 감동받았습니다. 알바가 처음이었으나 많은 도움을 받았고, 초보자에게 좋은 환경입니다. 최저 시급은 10,500원입니다.",어느 지역의 중구인지 궁금합니다.,중구; 파스타 가게; 알바 후기,경험성,315,2025-01-30 22:21,업종별 아르바이트,노동 및 고용 관련 이슈
978301,"어느 제과제빵 업체의 비위생적 환경에 대한 불만을 제기합니다. 위생 복장을 갖추지 않고 비위생적으로 운영되며, 실수를 감추고 타인에게 책임을 전가하는 등의 문제점이 있습니다. 방문을 추천하지 않습니다.",익명으로 시청 위생과나 방송에 제보하세요.,제과제빵; 비위생; 근무 환경,경험성,271,2025-01-30 22:16,근무 환경 및 조건,노동 및 고용 관련 이슈
978300,맥도날드 지원서 관련 문제로 고민 중입니다. 이미 제출된 지원서가 새로운 공고로 인해 묻힐까 걱정입니다. 방문하여 매니저나 점장에게 직접 문의하는 것을 고려 중입니다.,지원서가 묻히지 않으니 안 보내셔도 됩니다. 방문하여 문의해보세요.; 감사합니다.,맥도날드; 지원서; 알바 지원,질문성,162,2025-01-30 22:14,업종별 아르바이트,면접 및 지원 과정
978298,PC방 야간 근무에 대한 고민을 공유합니다. 도보 5분 거리의 작은 규모의 PC방에서 주말 야간 근무를 고려 중입니다.,야간 수당이나 주휴 수당이 잘 챙겨지면 고려할 만합니다.; 야간 청소가 힘들 수 있습니다.,PC방; 야간 근무; 알바,질문성,314,2025-01-30 21:50,업종별 아르바이트,근무 환경 및 조건
978295,알바몬에서 불합격 처리된 상태로 면접 참석 여부를 묻습니다. 불합격 상태라면 면접에 가지 않아도 되는지 궁금합니다.,가지 않아도 됩니다. 다른 곳을 알아보세요.,알바몬; 면접; 불합격,질문성,708,2025-01-30 21:11,취업 및 채용 관련,면접 및 지원 과정
978292,코스모코스에서의 경험에 대해 문의합니다.,가서 경험해보세요.,코스모코스; 경험,질문성,337,2025-01-30 20:38,업종별 아르바이트,직장 내 문화 및 관계
978291,홀 관리 업무에 대한 질문입니다. 요식업 알바가 처음이라 홀 관리의 구체적인 업무가 궁금합니다.,"서빙, 설거지, 청소 등의 업무가 포함됩니다.; 홀 알바의 장단점에 대해 설명합니다.",홀 관리; 요식업; 알바 업무,질문성,360,2025-01-30 20:28,업종별 아르바이트,근무 환경 및 조건
978290,우리중개파이낸스와 케인즈라는 이름의 회사에서 피해를 입은 경험을 공유합니다. 근로계약서와 사업자등록이 다르며 월급 미지급과 연락 두절 문제를 겪고 있습니다.,없음,우리중개파이낸스; 케인즈; 피해 사례,경험성,74,2025-01-30 20:16,사회적 이슈 및 인식,피해 사례
978289,"의류 매장에서 면접을 보며 겪은 까다로운 경험을 공유합니다. 면접 과정에서 트집을 잡는 질문을 받았고, 불쾌한 경험을 했습니다.",면접 과정이 불쾌했습니다.; 대기업 의류 매장은 더 심합니다.,의류 매장; 면접; 경험,경험성,688,2025-01-30 20:07,취업 및 채용 관련,면접 및 지원 과정
978288,다음컴퍼니 덕평의류주간에 대한 문의입니다. 과거 경험을 바탕으로 텃새와 기싸움이 있었다고 기억합니다.,기싸움이 좀 있었습니다.,다음컴퍼니; 덕평의류주간; 근무 경험,질문성,100,2025-01-30 20:06,근무 환경 및 조건,고용 형태 및 계약
978287,"보험사 교육 청강 아르바이트로 하루 2시간씩 3일 참석하면 돈을 받는다는 제안이 있습니다. 단순히 청강만 하면 되는 것 같은데, 인원 채우기를 목적으로 하는 걸까요?","개인정보를 요구할 수 있으니 주의하세요. 교육이라기보다는 상업적인 목적이 있을 수 있습니다.; 보험사 관련 아르바이트는 경험상 추천하지 않습니다. 시험 합격 후 계약을 해야 돈을 받을 수 있습니다.; 청강만 가능하나, 보험 일을 권유받을 수 있으니 유의해야 합니다.",보험사; 청강 아르바이트; 인원 모집,질문성,234,2025-01-30 20:03,업종별 아르바이트,취업 및 채용 관련
978285,"양지 올리브영 야간 근무의 급여가 주간과 동일하다는 점이 불만입니다. 주간에는 중식이 제공되지만 야간에는 그렇지 않고, 급여 차이도 크지 않아 근로 조건이 불합리하다고 생각합니다.",부당한 조건을 알면서도 일할 곳이 없어서 선택하는 경우가 문제입니다.; 무신사에서 일하는 것도 고려해 보세요.; 야간 근무 조건이 불합리하다고 생각되면 다른 대안을 찾아보는 것이 좋습니다.,올리브영; 야간 근무; 근로 조건,경험성,734,2025-01-30 19:41,근무 환경 및 조건,노동 및 고용 관련 이슈
978284,올해 1분기 저축 목표는 1억 5천만 원 이상입니다. 자격증 시험 준비로 바쁜 와중에도 목표 달성을 위해 노력하고 있습니다.,목표 달성을 응원합니다.; 대단한 목표입니다.; 이제는 일기장이 아닌 자서전 시대입니다.,저축 목표; 자격증 시험; 재정 계획,경험성,233,2025-01-30 19:36,직업 및 경력 관리,취업 및 채용 관련
978283,부천 립스틱 포장 아르바이트를 해본 경험이 있는 분이 있나요?,라인은 추천하지 않습니다. 특히 화장품 포장은 짜증날 수 있습니다.,립스틱 포장; 아르바이트; 부천,질문성,177,2025-01-30 19:24,업종별 아르바이트,노동 및 고용 관련 이슈
978282,"대학생이 투잡을 고려 중입니다. 베라에서 주말과 평일 오후에 일하고 있으며, 추가적인 수입이 필요합니다. 투잡을 추천하시나요? 추천하는 아르바이트가 있나요?",쿠팡 같은 단기 아르바이트를 추천합니다.; 대학 생활에 적응 후 판단하는 것이 좋습니다.; 체력이 덜 필요한 주말 오전 편의점 아르바이트를 고려하세요.,대학생; 투잡; 아르바이트 추천,질문성,226,2025-01-30 19:02,업종별 아르바이트,노동 및 고용 관련 이슈
978281,코엑스 파르나스몰에서 일하신 분 계신가요? 직원 휴게실과 식당이 있는지 궁금합니다.,직원식당은 있습니다. 휴게실은 기억나지 않습니다.,코엑스 파르나스몰; 직원 휴게실; 직원 식당,질문성,78,2025-01-30 18:46,근무 환경 및 조건,직장 내 문화 및 관계
978280,"미소 고객센터 교육 관련 안내입니다. 교육 첫날은 회사 소개와 서류 작성이 주를 이룰 것이며, 1주 차 목요일에 RP 테스트가 예정되어 있습니다. 근태와 교육 태도도 평가에 반영됩니다.",시험을 잘 봐야 입사가 가능합니다. 필기와 RP 점수를 합산하여 평가합니다.,미소 고객센터; 교육 평가; RP 테스트,경험성,185,2025-01-30 18:13,취업 및 채용 관련,직장 내 문화 및 관계
978279,1년간 채용 횟수가 많은 회사에 지원하는 것이 괜찮을까요? 특정 회사는 1년간 55번의 채용을 했습니다.,직접 경험해보고 판단하는 것이 좋습니다.; 채용 횟수가 많아도 맞는 곳이 있을 수 있습니다.,채용 횟수; 회사 지원,질문성,614,2025-01-30 17:46,취업 및 채용 관련,고용 형태 및 계약
978278,공차에서 급하게 퇴사하게 되어 급여가 예정대로 지급될지 걱정입니다.,급여는 일할 계산되어 지급됩니다. 걱정 마세요.,공차; 급여; 퇴사,질문성,369,2025-01-30 17:44,급여 및 보상 관련,근무 환경 및 조건
978277,카페 아르바이트에 문자 지원 후 이력서를 지참하라고 합니다. 알바몬 이력서 출력해도 될까요?,알바몬 이력서도 괜찮습니다. 꼼꼼히 작성하는 것이 중요합니다.; 일반 이력서를 출력하는 것이 좋습니다.,카페 아르바이트; 이력서,질문성,363,2025-01-30 17:42,업종별 아르바이트,취업 및 채용 관련
978275,행사 알바 복장에 대해 맨투맨 대신 가디건을 입어도 괜찮을지 궁금합니다. 혹시 복장으로 인해 문제가 생긴 경험이 있는지 알고 싶습니다.,가디건은 불편할 수 있어 후드티를 추천합니다.; 후드티를 입는 것이 좋을 것 같습니다. 감사합니다.,행사 알바; 복장; 맨투맨,질문성,218,2025-01-30 17:14,업종별 아르바이트,근무 환경 및 조건
978274,키즈카페에서 음식 제조 시 밀키트를 사용하거나 전문적인 요리 기술이 필요한지 궁금합니다.,"밀키트를 사용하며, 추가적인 재료를 넣어 조리합니다.",키즈카페; 밀키트; 음식 제조,질문성,196,2025-01-30 16:57,업종별 아르바이트,음식 제조
978273,"알바 2개월 후 사직원 작성이 필수인지 문의드립니다. 근로계약서는 1월에 만료되었고, 사장님이 사직원 작성을 요청하셨습니다.",회사 방침에 따라야 하므로 사직원을 작성하는 것이 좋습니다.; 팩스로 사직원을 보내는 것도 고려해보세요.,알바; 사직원; 근로계약서,질문성,243,2025-01-30 16:52,고용 형태 및 계약,노동 및 고용 관련 이슈
978272,"뉴엠텍 세정에 지원했는데, 후기를 알고 싶습니다.",없음,뉴엠텍; 세정; 후기,질문성,30,2025-01-30 16:24,직장 내 문화 및 관계,면접 및 지원 과정
978271,"냉장 물류 작업에 적응하는 데 어려움을 겪고 있습니다. 여러 도전적인 상황 속에서도 열심히 일하고 있으며, 주변의 많은 변화에 적응 중입니다.",젊을 때 바쁘게 사는 것이 좋습니다. 힘내세요.,냉장 물류; 적응; 근무 환경,경험성,337,2025-01-30 16:18,근무 환경 및 조건,노동 및 고용 관련 이슈
978270,카페 아르바이트에서 3.3% 공제를 확인할 수 있는 방법이 궁금합니다. 근로계약서 작성이 지연되고 있으며 급여도 밀리고 있습니다.,홈택스에서 사업소득원천징수내역을 확인할 수 있습니다. 근로명세서를 요청하세요.,카페 아르바이트; 3.3% 공제; 근로계약서,질문성,348,2025-01-30 16:08,업종별 아르바이트,고용 형태 및 계약
978269,김포컬리에서 설날 급여가 언제 들어오는지 궁금합니다.,동의합니다.,김포컬리; 설날 급여; 급여 일정,질문성,155,2025-01-30 16:03,급여 및 보상 관련,근무 환경 및 조건
978268,쿠팡 동탄1 센터에서 입출고 작업 시 안전화를 착용해야 하는지 궁금합니다.,모든 센터에서 안전화를 착용합니다.; 계약직 여부에 따라 다를 수 있습니다.,쿠팡; 안전화; 입출고 작업,질문성,198,2025-01-30 15:50,업종별 아르바이트,근무 환경 및 조건
978267,무신사 매장의 점장도 알바몬으로 채용하는지 궁금합니다. 점장의 행동이 신세계 그룹 임직원처럼 느껴졌습니다.,알바몬 등에서 매장 직원을 구하는 경우가 많습니다. 점장도 관리자로서의 역할이 중요합니다.,무신사; 점장 채용; 알바몬,경험성,212,2025-01-30 15:50,취업 및 채용 관련,업종별 아르바이트